request	account_type	client_type	cost_of_service	currency	metro_station	online_reserving	region	resident	show_docs
Могу ли я открыть отдельный счет по 44 ФЗ и что для этого нужно?	44 ФЗ								
Здравствуйте! Могу ли я открыть отдельный счет по счёт по госконтракту и что для этого нужно?	счёт по госконтракту								
Добрый день. Могу ли я открыть отдельный счет по ГосКонтракт и что для этого нужно?	ГосКонтракт								
Добрый день. Могу ли я открыть отдельный счет по временный счёт и что для этого нужно?	временный счёт								
Могу ли я открыть отдельный счет по Текущий валютный счет и что для этого нужно?	Текущий валютный счет								
Здравствуйте. Могу ли я открыть отдельный счет по счёт для строительства и что для этого нужно?	счёт для строительства								
Добрый день. Могу ли я открыть отдельный счет по госзаказ и что для этого нужно?	госзаказ								
Могу ли я открыть отдельный счет по счёт для иностранных операций и что для этого нужно?	счёт для иностранных операций								
Могу ли я открыть отдельный счет по Накопительный счет и что для этого нужно?	Накопительный счет								
Могу ли я открыть отдельный счет по счёт для ценных бумаг и что для этого нужно?	счёт для ценных бумаг								
Здравствуйте. Могу ли я открыть отдельный счет по счёт для перечисления валюты и что для этого нужно?	счёт для перечисления валюты								
Добрый день! Могу ли я открыть отдельный счет по счёт по банкротству и что для этого нужно?	счёт по банкротству								
Добрый день! Могу ли я открыть отдельный счет по государственный заказ и что для этого нужно?	государственный заказ								
Добрый день. Могу ли я открыть отдельный счет по Транзитный валютный счет и что для этого нужно?	Транзитный валютный счет								
Могу ли я открыть отдельный счет по счёт для списание денег на банковские счета и что для этого нужно?	счёт для списание денег на банковские счета								
Добрый день. Могу ли я открыть отдельный счет по счёт в рамках жилищного кодекса и что для этого нужно?	счёт в рамках жилищного кодекса								
Здравствуйте. Могу ли я открыть отдельный счет по счет для ТСЖ и что для этого нужно?	счет для ТСЖ								
Могу ли я открыть отдельный счет по Банковское сопровождение государственных контрактов и что для этого нужно?	Банковское сопровождение государственных контрактов								
Могу ли я открыть отдельный счет по счёт для поставщика и что для этого нужно?	счёт для поставщика								
Добрый день! Могу ли я открыть отдельный счет по счёт для открытия паевого фонда и что для этого нужно?	счёт для открытия паевого фонда								
Здравствуйте. хочу открыть счет для физическое лицо у вас в банке что для этого требуется ?		физическое лицо							
Здравствуйте! хочу открыть счет для общество с дополнительной ответственностью у вас в банке что для этого требуется ?		общество с дополнительной ответственностью							
Здравствуйте! хочу открыть счет для хоз. общества у вас в банке что для этого требуется ?		хоз. общества							
Здравствуйте. хочу открыть счет для юрик у вас в банке что для этого требуется ?		юрик							
хочу открыть счет для ЮЛ у вас в банке что для этого требуется ?		ЮЛ							
хочу открыть счет для ООО у вас в банке что для этого требуется ?		ООО							
Здравствуйте! хочу открыть счет для юридическая консультация у вас в банке что для этого требуется ?		юридическая консультация							
Добрый день! хочу открыть счет для садоводческое объединение у вас в банке что для этого требуется ?		садоводческое объединение							
Здравствуйте! хочу открыть счет для казачье общество у вас в банке что для этого требуется ?		казачье общество							
Добрый день. хочу открыть счет для юридическое лицо у вас в банке что для этого требуется ?		юридическое лицо							
хочу открыть счет для хозяйственное партнерство у вас в банке что для этого требуется ?		хозяйственное партнерство							
хочу открыть счет для государственное унитарное предприятие у вас в банке что для этого требуется ?		государственное унитарное предприятие							
Здравствуйте! хочу открыть счет для частный предприниматель у вас в банке что для этого требуется ?		частный предприниматель							
Здравствуйте. хочу открыть счет для ИП у вас в банке что для этого требуется ?		ИП							
хочу открыть счет для публичное акционерное общество у вас в банке что для этого требуется ?		публичное акционерное общество							
Добрый день. хочу открыть счет для фирма у вас в банке что для этого требуется ?		фирма							
Здравствуйте. хочу открыть счет для ОАО у вас в банке что для этого требуется ?		ОАО							
Добрый день! хочу открыть счет для некоммерческое партнерство у вас в банке что для этого требуется ?		некоммерческое партнерство							
Здравствуйте! хочу открыть счет для некоммерческие организации у вас в банке что для этого требуется ?		некоммерческие организации							
Здравствуйте! хочу открыть счет для муниципальное унитарное предприятие у вас в банке что для этого требуется ?		муниципальное унитарное предприятие							
фермерское хозяйство резидент. Приморский, Малопургинский район ... Хочу открыть счёт для строительства в отделении сбербанка	счёт для строительства	фермерское хозяйство					Приморский	резидент	
Добрый день! компания не резидент. Ингушетия, Малопургинский район ... Хочу открыть счёт платёжного агента в отделении сбербанка	счёт платёжного агента	компания					Ингушетия	не резидент	
физик резидент. Омская область, Малопургинский район ... Хочу открыть 275 ФЗ в отделении сбербанка	275 ФЗ	физик					Омская область	резидент	
полное товарищество рф. Ненецкий ао, Малопургинский район ... Хочу открыть счёт для списание денег на банковские счета в отделении сбербанка	счёт для списание денег на банковские счета	полное товарищество					Ненецкий ао	рф	
товарищество на вере не являюсь. Оренбургская область, Малопургинский район ... Хочу открыть счёт для открытия паевого фонда в отделении сбербанка	счёт для открытия паевого фонда	товарищество на вере					Оренбургская область	не являюсь	
открытое акционерное общество да. Чувашская Республика - Чувашия, Малопургинский район ... Хочу открыть счёт для проверки соответствия проектно-сметной документации в отделении сбербанка	счёт для проверки соответствия проектно-сметной документации	открытое акционерное общество					Чувашская Республика - Чувашия	да	
частный клиент резидент. Ленинградская, Малопургинский район ... Хочу открыть иностранный счёт в отделении сбербанка	иностранный счёт	частный клиент					Ленинградская	резидент	
ОДО не рф. Ингушетия, Малопургинский район ... Хочу открыть счёт для подтверждения открытия в отделении сбербанка	счёт для подтверждения открытия	ОДО					Ингушетия	не рф	
муниципальное унитарное предприятие да. Татария, Малопургинский район ... Хочу открыть счёт для уплаты процентов по капитальному ремонту в отделении сбербанка	счёт для уплаты процентов по капитальному ремонту	муниципальное унитарное предприятие					Татария	да	
коммерческие организации не рф. Татарстан, Малопургинский район ... Хочу открыть Текущий валютный счет в отделении сбербанка	Текущий валютный счет	коммерческие организации					Татарстан	не рф	
Здравствуйте! государственная корпорация являюсь. Чеченская, Малопургинский район ... Хочу открыть Специальный счет платежного агента/банковского платежного агента/поставщика в отделении сбербанка	Специальный счет платежного агента/банковского платежного агента/поставщика	государственная корпорация					Чеченская	являюсь	
Здравствуйте. общество с ограниченной ответственностью резидент. Ненецкий, Малопургинский район ... Хочу открыть обособленный счёт в отделении сбербанка	обособленный счёт	общество с ограниченной ответственностью					Ненецкий	резидент	
Здравствуйте. ООО рф. Питер, Малопургинский район ... Хочу открыть счёт для внесения уставного капитала в отделении сбербанка	счёт для внесения уставного капитала	ООО					Питер	рф	
Здравствуйте. общество при одном учредителе да. Ивановская область, Малопургинский район ... Хочу открыть государственный заказ в отделении сбербанка	государственный заказ	общество при одном учредителе					Ивановская область	да	
религиозная организация нет. Вологодская область, Малопургинский район ... Хочу открыть счет для Товарищества собственников жилья в отделении сбербанка	счет для Товарищества собственников жилья	религиозная организация					Вологодская область	нет	
Добрый день. общество с дополнительной ответственностью нет. Кемеровская область, Малопургинский район ... Хочу открыть счёт для получения дохода в отделении сбербанка	счёт для получения дохода	общество с дополнительной ответственностью					Кемеровская область	нет	
Здравствуйте! публичное акционерное общество не являюсь. Псковская, Малопургинский район ... Хочу открыть ГосОбрЗаказ в отделении сбербанка	ГосОбрЗаказ	публичное акционерное общество					Псковская	не являюсь	
Добрый день. общество с дополнительной ответственностью рф. Рязанская область, Малопургинский район ... Хочу открыть государственный заказ в отделении сбербанка	государственный заказ	общество с дополнительной ответственностью					Рязанская область	рф	
индивидуальный предприниматель не резидент. Чеченская Республика, Малопургинский район ... Хочу открыть доверительный счёт в отделении сбербанка	доверительный счёт	индивидуальный предприниматель					Чеченская Республика	не резидент	
Добрый день. общественная организация да. Кабардино-Балкарская Республика, Малопургинский район ... Хочу открыть агентский счёт в отделении сбербанка	агентский счёт	общественная организация					Кабардино-Балкарская Республика	да	
Здравствуйте! как зарезервировать 159ФЗ	159ФЗ								
Здравствуйте! как зарезервировать счета госконтракта	счета госконтракта								
Здравствуйте. как зарезервировать счёт в валюте	счёт в валюте								
как зарезервировать счёт по гособорону	счёт по гособорону								
как зарезервировать счёт по госконтракту	счёт по госконтракту								
Добрый день! как зарезервировать счёт для погашения кредитов в рамках кап. ремонта	счёт для погашения кредитов в рамках кап. ремонта								
Здравствуйте. как зарезервировать счёт для оформления депозита	счёт для оформления депозита								
Добрый день. как зарезервировать Специальный счет для формирования фонда капитального ремонта	Специальный счет для формирования фонда капитального ремонта								
Здравствуйте! как зарезервировать счёт для проверки информации об исполнении контракта	счёт для проверки информации об исполнении контракта								
Здравствуйте! как зарезервировать счёт для получения дохода	счёт для получения дохода								
как зарезервировать счёт для капитального ремонта	счёт для капитального ремонта								
как зарезервировать счёт на юридическое лицо	счёт на юридическое лицо								
как зарезервировать арбитражный счёт	арбитражный счёт								
Добрый день. как зарезервировать строительный счёт	строительный счёт								
Здравствуйте. как зарезервировать государственный заказ	государственный заказ								
как зарезервировать ГосКонтракт	ГосКонтракт								
как зарезервировать счёт для списание денег на банковские счета	счёт для списание денег на банковские счета								
как зарезервировать 44 ФЗ	44 ФЗ								
как зарезервировать счёт для управления	счёт для управления								
как зарезервировать агентский счёт	агентский счёт								
Добрый день! подскажите где я могу найти информацию об открытии норвежские кроны, стоимость обслуживания и можно ли это сделать из Бизнес онлайн. Спасибо.			YES	норвежские кроны					
Здравствуйте! подскажите где я могу найти информацию об открытии р., стоимость обслуживания и можно ли это сделать из Бизнес онлайн. Спасибо.			YES	р.					
Здравствуйте! подскажите где я могу найти информацию об открытии в датских кронах, стоимость обслуживания и можно ли это сделать из Бизнес онлайн. Спасибо.			YES	в датских кронах					
Добрый день! подскажите где я могу найти информацию об открытии ₽, стоимость обслуживания и можно ли это сделать из Бизнес онлайн. Спасибо.			YES	₽					
подскажите где я могу найти информацию об открытии рубли, стоимость обслуживания и можно ли это сделать из Бизнес онлайн. Спасибо.			YES	рубли					
Добрый день! подскажите где я могу найти информацию об открытии €, стоимость обслуживания и можно ли это сделать из Бизнес онлайн. Спасибо.			YES	€					
подскажите где я могу найти информацию об открытии dollar, стоимость обслуживания и можно ли это сделать из Бизнес онлайн. Спасибо.			YES	dollar					
подскажите где я могу найти информацию об открытии в норвежских кронах, стоимость обслуживания и можно ли это сделать из Бизнес онлайн. Спасибо.			YES	в норвежских кронах					
подскажите где я могу найти информацию об открытии CHF, стоимость обслуживания и можно ли это сделать из Бизнес онлайн. Спасибо.			YES	CHF					
подскажите где я могу найти информацию об открытии в австралийских долларах, стоимость обслуживания и можно ли это сделать из Бизнес онлайн. Спасибо.			YES	в австралийских долларах					
Здравствуйте! подскажите где я могу найти информацию об открытии RUB, стоимость обслуживания и можно ли это сделать из Бизнес онлайн. Спасибо.			YES	RUB					
подскажите где я могу найти информацию об открытии баксы, стоимость обслуживания и можно ли это сделать из Бизнес онлайн. Спасибо.			YES	баксы					
Добрый день. подскажите где я могу найти информацию об открытии фунты стерлингов Соединенного Королевства, стоимость обслуживания и можно ли это сделать из Бизнес онлайн. Спасибо.			YES	фунты стерлингов Соединенного Королевства					
Здравствуйте! подскажите где я могу найти информацию об открытии канадские доллары, стоимость обслуживания и можно ли это сделать из Бизнес онлайн. Спасибо.			YES	канадские доллары					
Добрый день. подскажите где я могу найти информацию об открытии £, стоимость обслуживания и можно ли это сделать из Бизнес онлайн. Спасибо.			YES	£					
Здравствуйте. подскажите где я могу найти информацию об открытии доллар, стоимость обслуживания и можно ли это сделать из Бизнес онлайн. Спасибо.			YES	доллар					
подскажите где я могу найти информацию об открытии SGD, стоимость обслуживания и можно ли это сделать из Бизнес онлайн. Спасибо.			YES	SGD					
Добрый день. подскажите где я могу найти информацию об открытии доллары, стоимость обслуживания и можно ли это сделать из Бизнес онлайн. Спасибо.			YES	доллары					
Добрый день. подскажите где я могу найти информацию об открытии руб., стоимость обслуживания и можно ли это сделать из Бизнес онлайн. Спасибо.			YES	руб.					
Добрый день. подскажите где я могу найти информацию об открытии в японских иенах, стоимость обслуживания и можно ли это сделать из Бизнес онлайн. Спасибо.			YES	в японских иенах					
Здравствуйте! я недавно открыл некоммерческие организации. хотелось бы открыть счет в вашем банке, для безналичного перевода. какие продукты Вы можете предложить?		некоммерческие организации	YES						
Здравствуйте! я недавно открыл публично-правовая компания. хотелось бы открыть счет в вашем банке, для безналичного перевода. какие продукты Вы можете предложить?		публично-правовая компания	YES						
Добрый день! я недавно открыл предприниматель. хотелось бы открыть счет в вашем банке, для безналичного перевода. какие продукты Вы можете предложить?		предприниматель	YES						
Здравствуйте. я недавно открыл внесенное в государственный реестр казачьих обществ в Российской Федерации. хотелось бы открыть счет в вашем банке, для безналичного перевода. какие продукты Вы можете предложить?		внесенное в государственный реестр казачьих обществ в Российской Федерации	YES						
я недавно открыл ипэшник. хотелось бы открыть счет в вашем банке, для безналичного перевода. какие продукты Вы можете предложить?		ипэшник	YES						
я недавно открыл ассоциация. хотелось бы открыть счет в вашем банке, для безналичного перевода. какие продукты Вы можете предложить?		ассоциация	YES						
я недавно открыл ЮЛ. хотелось бы открыть счет в вашем банке, для безналичного перевода. какие продукты Вы можете предложить?		ЮЛ	YES						
я недавно открыл ЗАО. хотелось бы открыть счет в вашем банке, для безналичного перевода. какие продукты Вы можете предложить?		ЗАО	YES						
я недавно открыл товарищество на вере. хотелось бы открыть счет в вашем банке, для безналичного перевода. какие продукты Вы можете предложить?		товарищество на вере	YES						
я недавно открыл союз. хотелось бы открыть счет в вашем банке, для безналичного перевода. какие продукты Вы можете предложить?		союз	YES						
Здравствуйте. я недавно открыл организация. хотелось бы открыть счет в вашем банке, для безналичного перевода. какие продукты Вы можете предложить?		организация	YES						
Добрый день. я недавно открыл товарищество собственников недвижимости. хотелось бы открыть счет в вашем банке, для безналичного перевода. какие продукты Вы можете предложить?		товарищество собственников недвижимости	YES						
Здравствуйте! я недавно открыл юр. лицо. хотелось бы открыть счет в вашем банке, для безналичного перевода. какие продукты Вы можете предложить?		юр. лицо	YES						
Добрый день. я недавно открыл товарищество собственников жилья. хотелось бы открыть счет в вашем банке, для безналичного перевода. какие продукты Вы можете предложить?		товарищество собственников жилья	YES						
Здравствуйте. я недавно открыл общество взаимного страхования. хотелось бы открыть счет в вашем банке, для безналичного перевода. какие продукты Вы можете предложить?		общество взаимного страхования	YES						
Добрый день! я недавно открыл государственная академия наук. хотелось бы открыть счет в вашем банке, для безналичного перевода. какие продукты Вы можете предложить?		государственная академия наук	YES						
Добрый день! я недавно открыл юридическая консультация. хотелось бы открыть счет в вашем банке, для безналичного перевода. какие продукты Вы можете предложить?		юридическая консультация	YES						
Здравствуйте! я недавно открыл общественный фонд. хотелось бы открыть счет в вашем банке, для безналичного перевода. какие продукты Вы можете предложить?		общественный фонд	YES						
Добрый день. я недавно открыл хоз. общества. хотелось бы открыть счет в вашем банке, для безналичного перевода. какие продукты Вы можете предложить?		хоз. общества	YES						
я недавно открыл физ. лицо. хотелось бы открыть счет в вашем банке, для безналичного перевода. какие продукты Вы можете предложить?		физ. лицо	YES						
Здравствуйте. вопрос по документам при открытии счета: выписка егрюл и лист записи в каком  виде?  С сайта фнс устроит?									YES
Здравствуйте! Какие документы необходимы для открытия 44ФЗ.  Нужна ли выписка из ЕГРЮЛ ?	44ФЗ								YES
Какие документы необходимы для открытия арбитражный счёт.  Нужна ли выписка из ЕГРЮЛ ?	арбитражный счёт								YES
Добрый день! Какие документы необходимы для открытия счёт для первичного внесения средств.  Нужна ли выписка из ЕГРЮЛ ?	счёт для первичного внесения средств								YES
Здравствуйте! Какие документы необходимы для открытия государственный контракт.  Нужна ли выписка из ЕГРЮЛ ?	государственный контракт								YES
Добрый день! Какие документы необходимы для открытия счёт для внесения уставного капитала.  Нужна ли выписка из ЕГРЮЛ ?	счёт для внесения уставного капитала								YES
Добрый день! Какие документы необходимы для открытия неснижаемый остаток на депозитных счетах.  Нужна ли выписка из ЕГРЮЛ ?	неснижаемый остаток на депозитных счетах								YES
Здравствуйте! Какие документы необходимы для открытия счёт платёжного агента.  Нужна ли выписка из ЕГРЮЛ ?	счёт платёжного агента								YES
Какие документы необходимы для открытия валютный счёт.  Нужна ли выписка из ЕГРЮЛ ?	валютный счёт								YES
Здравствуйте. Какие документы необходимы для открытия государственный заказ.  Нужна ли выписка из ЕГРЮЛ ?	государственный заказ								YES
Какие документы необходимы для открытия Банковское сопровождение государственных контрактов.  Нужна ли выписка из ЕГРЮЛ ?	Банковское сопровождение государственных контрактов								YES
Здравствуйте. Какие документы необходимы для открытия счёт для валютных операций.  Нужна ли выписка из ЕГРЮЛ ?	счёт для валютных операций								YES
Какие документы необходимы для открытия счёт в рамках жилищного кодекса.  Нужна ли выписка из ЕГРЮЛ ?	счёт в рамках жилищного кодекса								YES
Добрый день. Какие документы необходимы для открытия госконтракт.  Нужна ли выписка из ЕГРЮЛ ?	госконтракт								YES
Добрый день. Какие документы необходимы для открытия счёт для перечисления валюты.  Нужна ли выписка из ЕГРЮЛ ?	счёт для перечисления валюты								YES
Здравствуйте! Какие документы необходимы для открытия счёт для подтверждения открытия.  Нужна ли выписка из ЕГРЮЛ ?	счёт для подтверждения открытия								YES
Здравствуйте. Какие документы необходимы для открытия счета госконтракта.  Нужна ли выписка из ЕГРЮЛ ?	счета госконтракта								YES
Какие документы необходимы для открытия счёт для проверки на адресность перевода средств.  Нужна ли выписка из ЕГРЮЛ ?	счёт для проверки на адресность перевода средств								YES
Добрый день! Какие документы необходимы для открытия счёт в рамках ПП963.  Нужна ли выписка из ЕГРЮЛ ?	счёт в рамках ПП963								YES
Какие документы необходимы для открытия дополнительный счёт к валютному счёту.  Нужна ли выписка из ЕГРЮЛ ?	дополнительный счёт к валютному счёту								YES
Какие документы необходимы для открытия счёт по банкротству.  Нужна ли выписка из ЕГРЮЛ ?	счёт по банкротству								YES
какие документы нужны для открытия счета для потребительский кооператив		потребительский кооператив							YES
какие документы нужны для открытия счета для автономная некоммерческая организация		автономная некоммерческая организация							YES
какие документы нужны для открытия счета для товарищество собственников жилья		товарищество собственников жилья							YES
какие документы нужны для открытия счета для хоз. общества		хоз. общества							YES
какие документы нужны для открытия счета для частное учреждение		частное учреждение							YES
Добрый день. какие документы нужны для открытия счета для внесенное в государственный реестр казачьих обществ в Российской Федерации		внесенное в государственный реестр казачьих обществ в Российской Федерации							YES
Добрый день! какие документы нужны для открытия счета для общественное учреждение		общественное учреждение							YES
Добрый день! какие документы нужны для открытия счета для садоводческое объединение		садоводческое объединение							YES
Здравствуйте. какие документы нужны для открытия счета для юридическая консультация		юридическая консультация							YES
Здравствуйте. какие документы нужны для открытия счета для производственный корпоратив		производственный корпоратив							YES
Добрый день! какие документы нужны для открытия счета для коллегия адвокатов		коллегия адвокатов							YES
какие документы нужны для открытия счета для ООО		ООО							YES
Добрый день. какие документы нужны для открытия счета для хозяйственное общество		хозяйственное общество							YES
Добрый день. какие документы нужны для открытия счета для физ. лицо		физ. лицо							YES
Добрый день! какие документы нужны для открытия счета для товарищество на вере		товарищество на вере							YES
какие документы нужны для открытия счета для закрытое акционерное общество		закрытое акционерное общество							YES
Здравствуйте! какие документы нужны для открытия счета для полное товарищество		полное товарищество							YES
какие документы нужны для открытия счета для некоммерческие организации		некоммерческие организации							YES
какие документы нужны для открытия счета для юрик		юрик							YES
Добрый день! какие документы нужны для открытия счета для общество с дополнительной ответственностью		общество с дополнительной ответственностью							YES
Добрый день. мне необходимо открыть счёт для погашения кредитов в рамках кап. ремонта на физик. Какие необходимы #документы#?	счёт для погашения кредитов в рамках кап. ремонта	физик							YES
Здравствуйте! мне необходимо открыть госзаказ на физическое лицо. Какие необходимы #документы#?	госзаказ	физическое лицо							YES
Добрый день! мне необходимо открыть госзаказ на ПАО. Какие необходимы #документы#?	госзаказ	ПАО							YES
Добрый день. мне необходимо открыть счёт для подтверждения открытия на компания. Какие необходимы #документы#?	счёт для подтверждения открытия	компания							YES
мне необходимо открыть Расчетный счет на ЮЛ. Какие необходимы #документы#?	Расчетный счет	ЮЛ							YES
мне необходимо открыть доверительный счёт на юр. лицо. Какие необходимы #документы#?	доверительный счёт	юр. лицо							YES
мне необходимо открыть Счет доверительного управления на товарищество на вере. Какие необходимы #документы#?	Счет доверительного управления	товарищество на вере							YES
мне необходимо открыть отзываемый депозит на ФЛ. Какие необходимы #документы#?	отзываемый депозит	ФЛ							YES
Здравствуйте. мне необходимо открыть 159 ФЗ на общество с дополнительной ответственностью. Какие необходимы #документы#?	159 ФЗ	общество с дополнительной ответственностью							YES
мне необходимо открыть счёт для погашения кредитов в рамках кап. ремонта на община коренного малочисленного народа Российской Федерации. Какие необходимы #документы#?	счёт для погашения кредитов в рамках кап. ремонта	община коренного малочисленного народа Российской Федерации							YES
Здравствуйте. мне необходимо открыть ГосКонтракт на общественное движение. Какие необходимы #документы#?	ГосКонтракт	общественное движение							YES
мне необходимо открыть 159ФЗ на общество при одном учредителе. Какие необходимы #документы#?	159ФЗ	общество при одном учредителе							YES
Здравствуйте! мне необходимо открыть счета госконтракта на индивидуальный предприниматель. Какие необходимы #документы#?	счета госконтракта	индивидуальный предприниматель							YES
Добрый день. мне необходимо открыть счёт для уплаты процентов по капитальному ремонту на ООО. Какие необходимы #документы#?	счёт для уплаты процентов по капитальному ремонту	ООО							YES
Здравствуйте! мне необходимо открыть счет для ТСЖ на индивидуальный предприниматель. Какие необходимы #документы#?	счет для ТСЖ	индивидуальный предприниматель							YES
Добрый день. мне необходимо открыть арбитражный счёт на частное учреждение. Какие необходимы #документы#?	арбитражный счёт	частное учреждение							YES
мне необходимо открыть счёт внешнего управления на юр. лицо. Какие необходимы #документы#?	счёт внешнего управления	юр. лицо							YES
Добрый день! мне необходимо открыть счета госконтракта на частный клиент. Какие необходимы #документы#?	счета госконтракта	частный клиент							YES
Добрый день! мне необходимо открыть счёт в рамках жилищного кодекса на общество с дополнительной ответственностью. Какие необходимы #документы#?	счёт в рамках жилищного кодекса	общество с дополнительной ответственностью							YES
мне необходимо открыть счет для индивидуального предпринимателя на юридическая консультация. Какие необходимы #документы#?	счет для индивидуального предпринимателя	юридическая консультация							YES
Здравствуйте. какие документы для открытия в канадских долларах нужно предоставить в банк?				в канадских долларах					YES
какие документы для открытия в отечественной валюте нужно предоставить в банк?				в отечественной валюте					YES
какие документы для открытия в швейцарских франках нужно предоставить в банк?				в швейцарских франках					YES
Здравствуйте. какие документы для открытия в шведских кронах нужно предоставить в банк?				в шведских кронах					YES
Добрый день! какие документы для открытия рубли нужно предоставить в банк?				рубли					YES
какие документы для открытия российская валюта нужно предоставить в банк?				российская валюта					YES
какие документы для открытия валютный счёт нужно предоставить в банк?				валютный счёт					YES
Добрый день. какие документы для открытия RUB нужно предоставить в банк?				RUB					YES
какие документы для открытия NOK нужно предоставить в банк?				NOK					YES
Добрый день! какие документы для открытия рубль нужно предоставить в банк?				рубль					YES
Добрый день. какие документы для открытия руб. нужно предоставить в банк?				руб.					YES
какие документы для открытия рублевый нужно предоставить в банк?				рублевый					YES
какие документы для открытия доллар нужно предоставить в банк?				доллар					YES
какие документы для открытия не в нашей валюте нужно предоставить в банк?				не в нашей валюте					YES
какие документы для открытия SGD нужно предоставить в банк?				SGD					YES
Здравствуйте! какие документы для открытия GBP нужно предоставить в банк?				GBP					YES
какие документы для открытия в долларах нужно предоставить в банк?				в долларах					YES
Здравствуйте! какие документы для открытия баксы нужно предоставить в банк?				баксы					YES
Здравствуйте! какие документы для открытия ₽ нужно предоставить в банк?				₽					YES
Здравствуйте. какие документы для открытия норвежские кроны нужно предоставить в банк?				норвежские кроны					YES
При открытии счета выписку из ЕГРИП можно распечатать и предоставить с сайта ИФНС? или нужен оригинал?									YES
Здравствуйте. какие действия и документы необходимы для открытия #валютного счета (доллары США)#currency#? возможно ли открытие такого счета дистанционно, без посещения банка?						YES			YES
подскажите, как нам можно открыть в австралийских долларах				в австралийских долларах					
Здравствуйте. подскажите, как нам можно открыть RUB				RUB					
подскажите, как нам можно открыть в долларах				в долларах					
Здравствуйте. подскажите, как нам можно открыть доллары				доллары					
Здравствуйте! подскажите, как нам можно открыть в нашей валюте				в нашей валюте					
Здравствуйте. подскажите, как нам можно открыть SGD				SGD					
Здравствуйте! подскажите, как нам можно открыть не в нашей валюте				не в нашей валюте					
Добрый день. подскажите, как нам можно открыть в рублях				в рублях					
Добрый день. подскажите, как нам можно открыть JPY				JPY					
Здравствуйте. подскажите, как нам можно открыть в шведских кронах				в шведских кронах					
Здравствуйте. подскажите, как нам можно открыть доллар				доллар					
Здравствуйте. подскажите, как нам можно открыть шведские кроны				шведские кроны					
подскажите, как нам можно открыть EUR				EUR					
Здравствуйте. подскажите, как нам можно открыть рублевый				рублевый					
подскажите, как нам можно открыть норвежские кроны				норвежские кроны					
подскажите, как нам можно открыть в швейцарских франках				в швейцарских франках					
Здравствуйте! подскажите, как нам можно открыть AUD				AUD					
Добрый день. подскажите, как нам можно открыть dollar				dollar					
Здравствуйте! подскажите, как нам можно открыть в японских иенах				в японских иенах					
Добрый день. подскажите, как нам можно открыть рублей				рублей					
Добрый день! Я хотела бы открыть USD хозяйственное партнерство. Какие документы мне необходимо для этого иметь?		хозяйственное партнерство		USD					YES
Здравствуйте. Я хотела бы открыть dollar юридическое лицо. Какие документы мне необходимо для этого иметь?		юридическое лицо		dollar					YES
Я хотела бы открыть в евро юридическое лицо. Какие документы мне необходимо для этого иметь?		юридическое лицо		в евро					YES
Я хотела бы открыть € община коренного малочисленного народа Российской Федерации. Какие документы мне необходимо для этого иметь?		община коренного малочисленного народа Российской Федерации		€					YES
Я хотела бы открыть € не публичное акционерное общество. Какие документы мне необходимо для этого иметь?		не публичное акционерное общество		€					YES
Я хотела бы открыть ₽ союз. Какие документы мне необходимо для этого иметь?		союз		₽					YES
Здравствуйте! Я хотела бы открыть dollar товарищество собственников жилья. Какие документы мне необходимо для этого иметь?		товарищество собственников жилья		dollar					YES
Я хотела бы открыть SEK юридическая консультация. Какие документы мне необходимо для этого иметь?		юридическая консультация		SEK					YES
Я хотела бы открыть ₽ юр. лицо. Какие документы мне необходимо для этого иметь?		юр. лицо		₽					YES
Здравствуйте. Я хотела бы открыть в долларах общество взаимного страхования. Какие документы мне необходимо для этого иметь?		общество взаимного страхования		в долларах					YES
Здравствуйте! Я хотела бы открыть в австралийских долларах товарищество собственников жилья. Какие документы мне необходимо для этого иметь?		товарищество собственников жилья		в австралийских долларах					YES
Добрый день! Я хотела бы открыть AUD хозяйственное товарищество. Какие документы мне необходимо для этого иметь?		хозяйственное товарищество		AUD					YES
Я хотела бы открыть DKK внесенное в государственный реестр казачьих обществ в Российской Федерации. Какие документы мне необходимо для этого иметь?		внесенное в государственный реестр казачьих обществ в Российской Федерации		DKK					YES
Я хотела бы открыть руб. товарищество на вере. Какие документы мне необходимо для этого иметь?		товарищество на вере		руб.					YES
Я хотела бы открыть баксы общество с ограниченной ответственностью. Какие документы мне необходимо для этого иметь?		общество с ограниченной ответственностью		баксы					YES
Я хотела бы открыть рубль физик. Какие документы мне необходимо для этого иметь?		физик		рубль					YES
Здравствуйте. Я хотела бы открыть японские иены частный предприниматель. Какие документы мне необходимо для этого иметь?		частный предприниматель		японские иены					YES
Здравствуйте. Я хотела бы открыть dollar ЗАО. Какие документы мне необходимо для этого иметь?		ЗАО		dollar					YES
Здравствуйте. Я хотела бы открыть в канадских долларах ОАО. Какие документы мне необходимо для этого иметь?		ОАО		в канадских долларах					YES
Я хотела бы открыть в датских кронах коллегия адвокатов. Какие документы мне необходимо для этого иметь?		коллегия адвокатов		в датских кронах					YES
Здравствуйте. Я хотел бы открыть швейцарские франки дополнительный счёт к валютному счёту в швейцарские франки онлайн.Это возможно?	дополнительный счёт к валютному счёту			швейцарские франки		YES			
Добрый день! Я хотел бы открыть ₽ Банковское сопровождение государственных контрактов в ₽ онлайн.Это возможно?	Банковское сопровождение государственных контрактов			₽		YES			
Я хотел бы открыть SEK Банковское сопровождение государственных контрактов в SEK онлайн.Это возможно?	Банковское сопровождение государственных контрактов			SEK		YES			
Здравствуйте! Я хотел бы открыть USD счёт для первичного внесения средств в USD онлайн.Это возможно?	счёт для первичного внесения средств			USD		YES			
Добрый день! Я хотел бы открыть в нашей валюте счёт для проверки информации об исполнении контракта в в нашей валюте онлайн.Это возможно?	счёт для проверки информации об исполнении контракта			в нашей валюте		YES			
Я хотел бы открыть р. Транзитный валютный счет в р. онлайн.Это возможно?	Транзитный валютный счет			р.		YES			
Добрый день. Я хотел бы открыть рубль счёт в рамках жилищного кодекса в рубль онлайн.Это возможно?	счёт в рамках жилищного кодекса			рубль		YES			
Я хотел бы открыть в фунтах стерлингов Соединенного Королевства Специальный счет для формирования фонда капитального ремонта в в фунтах стерлингов Соединенного Королевства онлайн.Это возможно?	Специальный счет для формирования фонда капитального ремонта			в фунтах стерлингов Соединенного Королевства		YES			
Добрый день. Я хотел бы открыть CHF счёт для погашения кредитов в рамках кап. ремонта в CHF онлайн.Это возможно?	счёт для погашения кредитов в рамках кап. ремонта			CHF		YES			
Здравствуйте! Я хотел бы открыть в рублях счёт инвестиционного продукта в в рублях онлайн.Это возможно?	счёт инвестиционного продукта			в рублях		YES			
Я хотел бы открыть швейцарские франки счёт для погашения кредитов в рамках кап. ремонта в швейцарские франки онлайн.Это возможно?	счёт для погашения кредитов в рамках кап. ремонта			швейцарские франки		YES			
Я хотел бы открыть dollar валютный счёт в dollar онлайн.Это возможно?	валютный счёт			dollar		YES			
Здравствуйте! Я хотел бы открыть в сингапурских долларах счёт для ценных бумаг в в сингапурских долларах онлайн.Это возможно?	счёт для ценных бумаг			в сингапурских долларах		YES			
Я хотел бы открыть японские иены расчетного счета в японские иены онлайн.Это возможно?	расчетного счета			японские иены		YES			
Здравствуйте. Я хотел бы открыть рубли счёт для управления в рубли онлайн.Это возможно?	счёт для управления			рубли		YES			
Здравствуйте! Я хотел бы открыть рубль счет для индивидуального предпринимателя в рубль онлайн.Это возможно?	счет для индивидуального предпринимателя			рубль		YES			
Здравствуйте. Я хотел бы открыть рубли классический счёт в рубли онлайн.Это возможно?	классический счёт			рубли		YES			
Добрый день! Я хотел бы открыть шведские кроны отзываемый депозит в шведские кроны онлайн.Это возможно?	отзываемый депозит			шведские кроны		YES			
Добрый день! Я хотел бы открыть норвежские кроны счёт для проверки на адресность перевода средств в норвежские кроны онлайн.Это возможно?	счёт для проверки на адресность перевода средств			норвежские кроны		YES			
Добрый день! Я хотел бы открыть доллар Транзитный валютный счет в доллар онлайн.Это возможно?	Транзитный валютный счет			доллар		YES			
подскажите пожалуйста где рядом с черёмушках есть отделения где я могу открыть счёт на ипэшник		ипэшник			черёмушках				
подскажите пожалуйста где рядом с добрынинка есть отделения где я могу открыть счёт на хозяйственное общество		хозяйственное общество			добрынинка				
Добрый день. подскажите пожалуйста где рядом с нагатинка есть отделения где я могу открыть счёт на юридическая консультация		юридическая консультация			нагатинка				
Здравствуйте. подскажите пожалуйста где рядом с Пролетарская есть отделения где я могу открыть счёт на ОАО		ОАО			Пролетарская				
подскажите пожалуйста где рядом с Профсоюзная есть отделения где я могу открыть счёт на ипэшник		ипэшник			Профсоюзная				
Добрый день. подскажите пожалуйста где рядом с на савёлках есть отделения где я могу открыть счёт на муниципальное унитарное предприятие		муниципальное унитарное предприятие			на савёлках				
Добрый день! подскажите пожалуйста где рядом с Римская есть отделения где я могу открыть счёт на коллегия адвокатов		коллегия адвокатов			Римская				
подскажите пожалуйста где рядом с библиотека есть отделения где я могу открыть счёт на обычный человек		обычный человек			библиотека				
Здравствуйте. подскажите пожалуйста где рядом с Калужская есть отделения где я могу открыть счёт на физик		физик			Калужская				
Добрый день! подскажите пожалуйста где рядом с Водный стадион есть отделения где я могу открыть счёт на открытое акционерное общество		открытое акционерное общество			Водный стадион				
подскажите пожалуйста где рядом с щёлковка есть отделения где я могу открыть счёт на религиозная организация		религиозная организация			щёлковка				
подскажите пожалуйста где рядом с Калужская есть отделения где я могу открыть счёт на публично-правовая компания		публично-правовая компания			Калужская				
подскажите пожалуйста где рядом с на ильче есть отделения где я могу открыть счёт на ассоциация		ассоциация			на ильче				
Здравствуйте! подскажите пожалуйста где рядом с на электрозаводском есть отделения где я могу открыть счёт на закрытое акционерное общество		закрытое акционерное общество			на электрозаводском				
Добрый день. подскажите пожалуйста где рядом с южной есть отделения где я могу открыть счёт на муниципальное учреждение		муниципальное учреждение			южной				
подскажите пожалуйста где рядом с Авиамоторная есть отделения где я могу открыть счёт на юрик		юрик			Авиамоторная				
Добрый день! подскажите пожалуйста где рядом с новогиреево есть отделения где я могу открыть счёт на частный клиент		частный клиент			новогиреево				
Здравствуйте. подскажите пожалуйста где рядом с нагатинка есть отделения где я могу открыть счёт на ИП		ИП			нагатинка				
Здравствуйте. подскажите пожалуйста где рядом с Рижская есть отделения где я могу открыть счёт на юрик		юрик			Рижская				
Здравствуйте. подскажите пожалуйста где рядом с Кантемировская есть отделения где я могу открыть счёт на ФЛ		ФЛ			Кантемировская				
Добрый день! Да, есть еще вопрос об открытии отдельного счета по счёт для иностранных операций. Условия, стоимость открытия и обслуживания такого счета	счёт для иностранных операций		YES						
Да, есть еще вопрос об открытии отдельного счета по счёт по госконтракту. Условия, стоимость открытия и обслуживания такого счета	счёт по госконтракту		YES						
Да, есть еще вопрос об открытии отдельного счета по счёт для открытия паевого фонда. Условия, стоимость открытия и обслуживания такого счета	счёт для открытия паевого фонда		YES						
Здравствуйте. Да, есть еще вопрос об открытии отдельного счета по счет для индивидуального предпринимателя. Условия, стоимость открытия и обслуживания такого счета	счет для индивидуального предпринимателя		YES						
Здравствуйте! Да, есть еще вопрос об открытии отдельного счета по счёт инвестиционного продукта. Условия, стоимость открытия и обслуживания такого счета	счёт инвестиционного продукта		YES						
Здравствуйте. Да, есть еще вопрос об открытии отдельного счета по 275ФЗ. Условия, стоимость открытия и обслуживания такого счета	275ФЗ		YES						
Да, есть еще вопрос об открытии отдельного счета по счёт для получения дохода. Условия, стоимость открытия и обслуживания такого счета	счёт для получения дохода		YES						
Добрый день. Да, есть еще вопрос об открытии отдельного счета по счёт по банкротству. Условия, стоимость открытия и обслуживания такого счета	счёт по банкротству		YES						
Да, есть еще вопрос об открытии отдельного счета по счёт внешнего управления. Условия, стоимость открытия и обслуживания такого счета	счёт внешнего управления		YES						
Да, есть еще вопрос об открытии отдельного счета по счёт для управления. Условия, стоимость открытия и обслуживания такого счета	счёт для управления		YES						
Добрый день. Да, есть еще вопрос об открытии отдельного счета по ГосКонтракт. Условия, стоимость открытия и обслуживания такого счета	ГосКонтракт		YES						
Добрый день. Да, есть еще вопрос об открытии отдельного счета по 159 ФЗ. Условия, стоимость открытия и обслуживания такого счета	159 ФЗ		YES						
Добрый день! Да, есть еще вопрос об открытии отдельного счета по арбитражный счёт. Условия, стоимость открытия и обслуживания такого счета	арбитражный счёт		YES						
Добрый день! Да, есть еще вопрос об открытии отдельного счета по счёт для проверки на адресность перевода средств. Условия, стоимость открытия и обслуживания такого счета	счёт для проверки на адресность перевода средств		YES						
Добрый день. Да, есть еще вопрос об открытии отдельного счета по счёт для арбитражного управляющего. Условия, стоимость открытия и обслуживания такого счета	счёт для арбитражного управляющего		YES						
Да, есть еще вопрос об открытии отдельного счета по счёт платёжного агента. Условия, стоимость открытия и обслуживания такого счета	счёт платёжного агента		YES						
Добрый день. Да, есть еще вопрос об открытии отдельного счета по 44 ФЗ. Условия, стоимость открытия и обслуживания такого счета	44 ФЗ		YES						
Здравствуйте. Да, есть еще вопрос об открытии отдельного счета по счет для ТСЖ. Условия, стоимость открытия и обслуживания такого счета	счет для ТСЖ		YES						
Добрый день! Да, есть еще вопрос об открытии отдельного счета по госконтракт. Условия, стоимость открытия и обслуживания такого счета	госконтракт		YES						
Добрый день! Да, есть еще вопрос об открытии отдельного счета по счет для Товарищества собственников жилья. Условия, стоимость открытия и обслуживания такого счета	счет для Товарищества собственников жилья		YES						
Добрый день! сориентируете по стоимости ведения счета 275ФЗ?	275ФЗ		YES						
Здравствуйте! сориентируете по стоимости ведения счета счёт для проверки на адресность перевода средств?	счёт для проверки на адресность перевода средств		YES						
Добрый день. сориентируете по стоимости ведения счета счёт для подтверждения открытия?	счёт для подтверждения открытия		YES						
сориентируете по стоимости ведения счета арбитражный счёт?	арбитражный счёт		YES						
Здравствуйте. сориентируете по стоимости ведения счета счёт для ценных бумаг?	счёт для ценных бумаг		YES						
Добрый день. сориентируете по стоимости ведения счета 159 ФЗ?	159 ФЗ		YES						
Добрый день. сориентируете по стоимости ведения счета Счет внешнего управляющего?	Счет внешнего управляющего		YES						
Здравствуйте! сориентируете по стоимости ведения счета счёт для арбитражного управляющего?	счёт для арбитражного управляющего		YES						
сориентируете по стоимости ведения счета Транзитный валютный счет?	Транзитный валютный счет		YES						
Здравствуйте! сориентируете по стоимости ведения счета Специальный счет для формирования фонда капитального ремонта?	Специальный счет для формирования фонда капитального ремонта		YES						
Здравствуйте. сориентируете по стоимости ведения счета счет для индивидуального предпринимателя?	счет для индивидуального предпринимателя		YES						
Здравствуйте. сориентируете по стоимости ведения счета счёт для уплаты процентов по капитальному ремонту?	счёт для уплаты процентов по капитальному ремонту		YES						
Добрый день. сориентируете по стоимости ведения счета Расчетный счет?	Расчетный счет		YES						
Здравствуйте. сориентируете по стоимости ведения счета Депозитный счет?	Депозитный счет		YES						
сориентируете по стоимости ведения счета Обособленный банковский счет?	Обособленный банковский счет		YES						
Добрый день. сориентируете по стоимости ведения счета ГосКонтракт?	ГосКонтракт		YES						
Добрый день! сориентируете по стоимости ведения счета счёт для погашения кредитов в рамках кап. ремонта?	счёт для погашения кредитов в рамках кап. ремонта		YES						
сориентируете по стоимости ведения счета счёт для конкурсного производства?	счёт для конкурсного производства		YES						
Добрый день! сориентируете по стоимости ведения счета счёт для платежей от физических лиц?	счёт для платежей от физических лиц		YES						
Добрый день. сориентируете по стоимости ведения счета ГосОбрЗаказ?	ГосОбрЗаказ		YES						
Добрый день. какую сумму взимает сбер за ведение счета по счёт для уплаты процентов по капитальному ремонту в Чукотский автономный округ?	счёт для уплаты процентов по капитальному ремонту		YES				Чукотский автономный округ		
Здравствуйте! какую сумму взимает сбер за ведение счета по счёт по 174ФЗ в Марий Эл?	счёт по 174ФЗ		YES				Марий Эл		
Добрый день. какую сумму взимает сбер за ведение счета по доверительный счёт в Иркутская область?	доверительный счёт		YES				Иркутская область		
Здравствуйте! какую сумму взимает сбер за ведение счета по счёт платёжного агента в Чукотский ао?	счёт платёжного агента		YES				Чукотский ао		
какую сумму взимает сбер за ведение счета по счета госконтракта в Республика Хакасия?	счета госконтракта		YES				Республика Хакасия		
Добрый день! какую сумму взимает сбер за ведение счета по счёт для подтверждения открытия в Республика Ингушетия?	счёт для подтверждения открытия		YES				Республика Ингушетия		
какую сумму взимает сбер за ведение счета по Депозитный счет в Кемеровская область?	Депозитный счет		YES				Кемеровская область		
Добрый день! какую сумму взимает сбер за ведение счета по счёт по госконтракту в Калужская?	счёт по госконтракту		YES				Калужская		
какую сумму взимает сбер за ведение счета по счёт для списание денег на банковские счета в Ростовская область?	счёт для списание денег на банковские счета		YES				Ростовская область		
какую сумму взимает сбер за ведение счета по отзываемый депозит в Республика Карелия?	отзываемый депозит		YES				Республика Карелия		
Здравствуйте! какую сумму взимает сбер за ведение счета по счёт для погашения кредитов в рамках кап. ремонта в Ичкерия?	счёт для погашения кредитов в рамках кап. ремонта		YES				Ичкерия		
Здравствуйте. какую сумму взимает сбер за ведение счета по неснижаемый остаток на депозитных счетах в Ненецкий ао?	неснижаемый остаток на депозитных счетах		YES				Ненецкий ао		
Добрый день! какую сумму взимает сбер за ведение счета по счёт для внесения уставного капитала в Амурская область?	счёт для внесения уставного капитала		YES				Амурская область		
какую сумму взимает сбер за ведение счета по Счет доверительного управления в Республика Крым?	Счет доверительного управления		YES				Республика Крым		
какую сумму взимает сбер за ведение счета по валютный счёт в Ленинградская область?	валютный счёт		YES				Ленинградская область		
Добрый день. какую сумму взимает сбер за ведение счета по Депозитный счет в Московская?	Депозитный счет		YES				Московская		
Добрый день! какую сумму взимает сбер за ведение счета по пополняемый счёт в Мурманская область?	пополняемый счёт		YES				Мурманская область		
Здравствуйте! какую сумму взимает сбер за ведение счета по дополнительный счёт к валютному счёту в Самарская?	дополнительный счёт к валютному счёту		YES				Самарская		
какую сумму взимает сбер за ведение счета по госконтракт в Магаданская?	госконтракт		YES				Магаданская		
Добрый день! какую сумму взимает сбер за ведение счета по счёт для проверки информации об исполнении контракта в Еврейская автономная область?	счёт для проверки информации об исполнении контракта		YES				Еврейская автономная область		
покажите, пожалуйста, расценки и тарифы за счет			YES						
Добрый день. какие у вас тарифы?			YES						
Добрый день. какие у вас есть доступные опции по счетам для Специальный счет платежного агента/банковского платежного агента/поставщика?	Специальный счет платежного агента/банковского платежного агента/поставщика		YES						
Здравствуйте! какие у вас есть доступные опции по счетам для госзаказ?	госзаказ		YES						
Здравствуйте. какие у вас есть доступные опции по счетам для агентский счёт?	агентский счёт		YES						
какие у вас есть доступные опции по счетам для счёт для первичного внесения средств?	счёт для первичного внесения средств		YES						
какие у вас есть доступные опции по счетам для Накопительный счет?	Накопительный счет		YES						
Добрый день. какие у вас есть доступные опции по счетам для счёт для капитального ремонта?	счёт для капитального ремонта		YES						
какие у вас есть доступные опции по счетам для счёт для иностранных операций?	счёт для иностранных операций		YES						
Здравствуйте! какие у вас есть доступные опции по счетам для Счет внешнего управляющего?	Счет внешнего управляющего		YES						
какие у вас есть доступные опции по счетам для счёт в рамках жилищного кодекса?	счёт в рамках жилищного кодекса		YES						
Добрый день. какие у вас есть доступные опции по счетам для счет для Товарищества собственников жилья?	счет для Товарищества собственников жилья		YES						
какие у вас есть доступные опции по счетам для счёт по 174ФЗ?	счёт по 174ФЗ		YES						
Добрый день. какие у вас есть доступные опции по счетам для счёт для проверки на адресность перевода средств?	счёт для проверки на адресность перевода средств		YES						
Здравствуйте! какие у вас есть доступные опции по счетам для счёт для поставщика?	счёт для поставщика		YES						
Здравствуйте! какие у вас есть доступные опции по счетам для счёт на юридическое лицо?	счёт на юридическое лицо		YES						
какие у вас есть доступные опции по счетам для счёт для подтверждения открытия?	счёт для подтверждения открытия		YES						
Добрый день! какие у вас есть доступные опции по счетам для дополнительный счёт к валютному счёту?	дополнительный счёт к валютному счёту		YES						
Добрый день! какие у вас есть доступные опции по счетам для онлайн-платежей от физ лиц?	онлайн-платежей от физ лиц		YES						
Здравствуйте! какие у вас есть доступные опции по счетам для счёт для перечисления валюты?	счёт для перечисления валюты		YES						
Здравствуйте. какие у вас есть доступные опции по счетам для валютный счёт?	валютный счёт		YES						
Здравствуйте. какие у вас есть доступные опции по счетам для счёт для погашения кредитов в рамках кап. ремонта?	счёт для погашения кредитов в рамках кап. ремонта		YES						
сколько будет стоить завести счет по счета госконтракта?	счета госконтракта		YES						
Добрый день. сколько будет стоить завести счет по пополняемый счёт?	пополняемый счёт		YES						
Здравствуйте! сколько будет стоить завести счет по 275 ФЗ?	275 ФЗ		YES						
Здравствуйте. сколько будет стоить завести счет по обособленный счёт?	обособленный счёт		YES						
сколько будет стоить завести счет по дополнительный счёт к валютному счёту?	дополнительный счёт к валютному счёту		YES						
Добрый день! сколько будет стоить завести счет по Специальный счет для формирования фонда капитального ремонта?	Специальный счет для формирования фонда капитального ремонта		YES						
Здравствуйте! сколько будет стоить завести счет по счёт для капитального ремонта?	счёт для капитального ремонта		YES						
Здравствуйте. сколько будет стоить завести счет по 159 ФЗ?	159 ФЗ		YES						
Здравствуйте. сколько будет стоить завести счет по арбитражный счёт?	арбитражный счёт		YES						
сколько будет стоить завести счет по счёт для инвестиций?	счёт для инвестиций		YES						
сколько будет стоить завести счет по гособоронзаказ?	гособоронзаказ		YES						
Здравствуйте! сколько будет стоить завести счет по счёт для первичного внесения средств?	счёт для первичного внесения средств		YES						
сколько будет стоить завести счет по госконтракт?	госконтракт		YES						
Здравствуйте. сколько будет стоить завести счет по счёт в рамках жилищного кодекса?	счёт в рамках жилищного кодекса		YES						
сколько будет стоить завести счет по счёт для иностранных операций?	счёт для иностранных операций		YES						
Добрый день. сколько будет стоить завести счет по 44 ФЗ?	44 ФЗ		YES						
Добрый день! сколько будет стоить завести счет по счёт для внесения уставного капитала?	счёт для внесения уставного капитала		YES						
Добрый день! сколько будет стоить завести счет по счёт в валюте?	счёт в валюте		YES						
Здравствуйте! сколько будет стоить завести счет по агентский счёт?	агентский счёт		YES						
сколько будет стоить завести счет по счёт для арбитражного управляющего?	счёт для арбитражного управляющего		YES						
скажите какова стоимость счета и какие документы нужны для его открытия?			YES						YES
Здравствуйте! Добрый вечер, можно ли открыть счет в швейцарских франках онлайн и какие данные для этого нужны?				в швейцарских франках		YES			YES
Добрый вечер, можно ли открыть счет в нашей валюте онлайн и какие данные для этого нужны?				в нашей валюте		YES			YES
Добрый вечер, можно ли открыть счет USD онлайн и какие данные для этого нужны?				USD		YES			YES
Добрый день. Добрый вечер, можно ли открыть счет австралийские доллары онлайн и какие данные для этого нужны?				австралийские доллары		YES			YES
Добрый вечер, можно ли открыть счет € онлайн и какие данные для этого нужны?				€		YES			YES
Добрый вечер, можно ли открыть счет баксы онлайн и какие данные для этого нужны?				баксы		YES			YES
Здравствуйте! Добрый вечер, можно ли открыть счет в долларах онлайн и какие данные для этого нужны?				в долларах		YES			YES
Добрый вечер, можно ли открыть счет в сингапурских долларах онлайн и какие данные для этого нужны?				в сингапурских долларах		YES			YES
Добрый вечер, можно ли открыть счет российская валюта онлайн и какие данные для этого нужны?				российская валюта		YES			YES
Добрый день! Добрый вечер, можно ли открыть счет рубли онлайн и какие данные для этого нужны?				рубли		YES			YES
Здравствуйте. Добрый вечер, можно ли открыть счет норвежские кроны онлайн и какие данные для этого нужны?				норвежские кроны		YES			YES
Здравствуйте! Добрый вечер, можно ли открыть счет рублей онлайн и какие данные для этого нужны?				рублей		YES			YES
Добрый день! Добрый вечер, можно ли открыть счет в рублях онлайн и какие данные для этого нужны?				в рублях		YES			YES
Здравствуйте. Добрый вечер, можно ли открыть счет валютный счёт онлайн и какие данные для этого нужны?				валютный счёт		YES			YES
Здравствуйте. Добрый вечер, можно ли открыть счет в шведских кронах онлайн и какие данные для этого нужны?				в шведских кронах		YES			YES
Добрый день! Добрый вечер, можно ли открыть счет швейцарские франки онлайн и какие данные для этого нужны?				швейцарские франки		YES			YES
Добрый вечер, можно ли открыть счет японские иены онлайн и какие данные для этого нужны?				японские иены		YES			YES
Добрый день. Добрый вечер, можно ли открыть счет датские кроны онлайн и какие данные для этого нужны?				датские кроны		YES			YES
Добрый вечер, можно ли открыть счет DKK онлайн и какие данные для этого нужны?				DKK		YES			YES
Добрый вечер, можно ли открыть счет RUB онлайн и какие данные для этого нужны?				RUB		YES			YES
общество взаимного страхования из Оренбургская меня интересует пакет документов для его открытия , и я пыталась скачать пакет документов который у вас на сайте но вместо текста мне открывается огромное количество не понятных символов		общество взаимного страхования					Оренбургская		YES
Здравствуйте. союз из Рязанская область меня интересует пакет документов для его открытия , и я пыталась скачать пакет документов который у вас на сайте но вместо текста мне открывается огромное количество не понятных символов		союз					Рязанская область		YES
Здравствуйте! ипэшник из Курганская меня интересует пакет документов для его открытия , и я пыталась скачать пакет документов который у вас на сайте но вместо текста мне открывается огромное количество не понятных символов		ипэшник					Курганская		YES
Добрый день! ОАО из Костромская меня интересует пакет документов для его открытия , и я пыталась скачать пакет документов который у вас на сайте но вместо текста мне открывается огромное количество не понятных символов		ОАО					Костромская		YES
Добрый день. коммерческие организации из Карачаево-Черкессия меня интересует пакет документов для его открытия , и я пыталась скачать пакет документов который у вас на сайте но вместо текста мне открывается огромное количество не понятных символов		коммерческие организации					Карачаево-Черкессия		YES
Здравствуйте! физическое лицо из Пермский край меня интересует пакет документов для его открытия , и я пыталась скачать пакет документов который у вас на сайте но вместо текста мне открывается огромное количество не понятных символов		физическое лицо					Пермский край		YES
Здравствуйте. потребительский кооператив из Ненецкий меня интересует пакет документов для его открытия , и я пыталась скачать пакет документов который у вас на сайте но вместо текста мне открывается огромное количество не понятных символов		потребительский кооператив					Ненецкий		YES
публично-правовая компания из Астраханская меня интересует пакет документов для его открытия , и я пыталась скачать пакет документов который у вас на сайте но вместо текста мне открывается огромное количество не понятных символов		публично-правовая компания					Астраханская		YES
полное товарищество из Ярославская область меня интересует пакет документов для его открытия , и я пыталась скачать пакет документов который у вас на сайте но вместо текста мне открывается огромное количество не понятных символов		полное товарищество					Ярославская область		YES
Добрый день. муниципальное унитарное предприятие из Коми меня интересует пакет документов для его открытия , и я пыталась скачать пакет документов который у вас на сайте но вместо текста мне открывается огромное количество не понятных символов		муниципальное унитарное предприятие					Коми		YES
публично-правовая компания из Ханты-Мансийский автономный округ - Югра меня интересует пакет документов для его открытия , и я пыталась скачать пакет документов который у вас на сайте но вместо текста мне открывается огромное количество не понятных символов		публично-правовая компания					Ханты-Мансийский автономный округ - Югра		YES
Здравствуйте. внесенное в государственный реестр казачьих обществ в Российской Федерации из Новосибирская область меня интересует пакет документов для его открытия , и я пыталась скачать пакет документов который у вас на сайте но вместо текста мне открывается огромное количество не понятных символов		внесенное в государственный реестр казачьих обществ в Российской Федерации					Новосибирская область		YES
Здравствуйте! не публичное акционерное общество из Оренбургская область меня интересует пакет документов для его открытия , и я пыталась скачать пакет документов который у вас на сайте но вместо текста мне открывается огромное количество не понятных символов		не публичное акционерное общество					Оренбургская область		YES
Здравствуйте. открытое акционерное общество из Северная Осетия-Алания меня интересует пакет документов для его открытия , и я пыталась скачать пакет документов который у вас на сайте но вместо текста мне открывается огромное количество не понятных символов		открытое акционерное общество					Северная Осетия-Алания		YES
орган общественной самодеятельности из Республика Коми меня интересует пакет документов для его открытия , и я пыталась скачать пакет документов который у вас на сайте но вместо текста мне открывается огромное количество не понятных символов		орган общественной самодеятельности					Республика Коми		YES
не публичное акционерное общество из Тульская меня интересует пакет документов для его открытия , и я пыталась скачать пакет документов который у вас на сайте но вместо текста мне открывается огромное количество не понятных символов		не публичное акционерное общество					Тульская		YES
Добрый день. ЮЛ из Саратовская область меня интересует пакет документов для его открытия , и я пыталась скачать пакет документов который у вас на сайте но вместо текста мне открывается огромное количество не понятных символов		ЮЛ					Саратовская область		YES
компания из Орловская меня интересует пакет документов для его открытия , и я пыталась скачать пакет документов который у вас на сайте но вместо текста мне открывается огромное количество не понятных символов		компания					Орловская		YES
общественное учреждение из Брянская область меня интересует пакет документов для его открытия , и я пыталась скачать пакет документов который у вас на сайте но вместо текста мне открывается огромное количество не понятных символов		общественное учреждение					Брянская область		YES
Здравствуйте! юр. лицо из Ичкерия меня интересует пакет документов для его открытия , и я пыталась скачать пакет документов который у вас на сайте но вместо текста мне открывается огромное количество не понятных символов		юр. лицо					Ичкерия		YES
Добрый день. сколько стоит открытие и ведение счета в вашем банке для дачное объединение		дачное объединение	YES						
Добрый день! сколько стоит открытие и ведение счета в вашем банке для юридическая консультация		юридическая консультация	YES						
сколько стоит открытие и ведение счета в вашем банке для общественное движение		общественное движение	YES						
сколько стоит открытие и ведение счета в вашем банке для компания		компания	YES						
Добрый день! сколько стоит открытие и ведение счета в вашем банке для государственная корпорация		государственная корпорация	YES						
Здравствуйте! сколько стоит открытие и ведение счета в вашем банке для орган общественной самодеятельности		орган общественной самодеятельности	YES						
Добрый день. сколько стоит открытие и ведение счета в вашем банке для физическое лицо		физическое лицо	YES						
сколько стоит открытие и ведение счета в вашем банке для потребительский кооператив		потребительский кооператив	YES						
Добрый день! сколько стоит открытие и ведение счета в вашем банке для общество взаимного страхования		общество взаимного страхования	YES						
Здравствуйте! сколько стоит открытие и ведение счета в вашем банке для общественная организация		общественная организация	YES						
сколько стоит открытие и ведение счета в вашем банке для хоз. общества		хоз. общества	YES						
Добрый день! сколько стоит открытие и ведение счета в вашем банке для ипэшник		ипэшник	YES						
сколько стоит открытие и ведение счета в вашем банке для юрик		юрик	YES						
Добрый день. сколько стоит открытие и ведение счета в вашем банке для хозяйственное товарищество		хозяйственное товарищество	YES						
Добрый день. сколько стоит открытие и ведение счета в вашем банке для коллегия адвокатов		коллегия адвокатов	YES						
сколько стоит открытие и ведение счета в вашем банке для общество при одном учредителе		общество при одном учредителе	YES						
Добрый день. сколько стоит открытие и ведение счета в вашем банке для общество с ограниченной ответственностью		общество с ограниченной ответственностью	YES						
Добрый день. сколько стоит открытие и ведение счета в вашем банке для община коренного малочисленного народа Российской Федерации		община коренного малочисленного народа Российской Федерации	YES						
сколько стоит открытие и ведение счета в вашем банке для производственный корпоратив		производственный корпоратив	YES						
Добрый день! сколько стоит открытие и ведение счета в вашем банке для предприниматель		предприниматель	YES						
Добрый день. Есть еще один вопрос. Открытие AUD. возможно это сделать удаленно через сбербанк бизнес онлайн?				AUD					
Здравствуйте. Есть еще один вопрос. Открытие в датских кронах. возможно это сделать удаленно через сбербанк бизнес онлайн?				в датских кронах					
Есть еще один вопрос. Открытие euro. возможно это сделать удаленно через сбербанк бизнес онлайн?				euro					
Здравствуйте! Есть еще один вопрос. Открытие NOK. возможно это сделать удаленно через сбербанк бизнес онлайн?				NOK					
Есть еще один вопрос. Открытие USD. возможно это сделать удаленно через сбербанк бизнес онлайн?				USD					
Добрый день. Есть еще один вопрос. Открытие RUB. возможно это сделать удаленно через сбербанк бизнес онлайн?				RUB					
Есть еще один вопрос. Открытие рублевый. возможно это сделать удаленно через сбербанк бизнес онлайн?				рублевый					
Есть еще один вопрос. Открытие швейцарские франки. возможно это сделать удаленно через сбербанк бизнес онлайн?				швейцарские франки					
Есть еще один вопрос. Открытие в сингапурских долларах. возможно это сделать удаленно через сбербанк бизнес онлайн?				в сингапурских долларах					
Есть еще один вопрос. Открытие рублей. возможно это сделать удаленно через сбербанк бизнес онлайн?				рублей					
Здравствуйте. Есть еще один вопрос. Открытие австралийские доллары. возможно это сделать удаленно через сбербанк бизнес онлайн?				австралийские доллары					
Здравствуйте. Есть еще один вопрос. Открытие в рублях. возможно это сделать удаленно через сбербанк бизнес онлайн?				в рублях					
Здравствуйте! Есть еще один вопрос. Открытие в нашей валюте. возможно это сделать удаленно через сбербанк бизнес онлайн?				в нашей валюте					
Добрый день! Есть еще один вопрос. Открытие не в нашей валюте. возможно это сделать удаленно через сбербанк бизнес онлайн?				не в нашей валюте					
Добрый день. Есть еще один вопрос. Открытие GBP. возможно это сделать удаленно через сбербанк бизнес онлайн?				GBP					
Здравствуйте. Есть еще один вопрос. Открытие рубли. возможно это сделать удаленно через сбербанк бизнес онлайн?				рубли					
Добрый день! Есть еще один вопрос. Открытие в евро. возможно это сделать удаленно через сбербанк бизнес онлайн?				в евро					
Добрый день! Есть еще один вопрос. Открытие в норвежских кронах. возможно это сделать удаленно через сбербанк бизнес онлайн?				в норвежских кронах					
Добрый день. Есть еще один вопрос. Открытие доллар. возможно это сделать удаленно через сбербанк бизнес онлайн?				доллар					
Здравствуйте! Есть еще один вопрос. Открытие шведские кроны. возможно это сделать удаленно через сбербанк бизнес онлайн?				шведские кроны					
Как в системе Сбербанк Бизнес Онлайн подать заявку на открытие ₽?				₽					
Здравствуйте! Как в системе Сбербанк Бизнес Онлайн подать заявку на открытие в долларах?				в долларах					
Здравствуйте! Как в системе Сбербанк Бизнес Онлайн подать заявку на открытие не в нашей валюте?				не в нашей валюте					
Как в системе Сбербанк Бизнес Онлайн подать заявку на открытие австралийские доллары?				австралийские доллары					
Как в системе Сбербанк Бизнес Онлайн подать заявку на открытие швейцарские франки?				швейцарские франки					
Здравствуйте. Как в системе Сбербанк Бизнес Онлайн подать заявку на открытие в канадских долларах?				в канадских долларах					
Добрый день! Как в системе Сбербанк Бизнес Онлайн подать заявку на открытие в нашей валюте?				в нашей валюте					
Добрый день. Как в системе Сбербанк Бизнес Онлайн подать заявку на открытие GBP?				GBP					
Как в системе Сбербанк Бизнес Онлайн подать заявку на открытие евро?				евро					
Добрый день. Как в системе Сбербанк Бизнес Онлайн подать заявку на открытие сингапурские доллары?				сингапурские доллары					
Как в системе Сбербанк Бизнес Онлайн подать заявку на открытие норвежские кроны?				норвежские кроны					
Здравствуйте. Как в системе Сбербанк Бизнес Онлайн подать заявку на открытие AUD?				AUD					
Здравствуйте! Как в системе Сбербанк Бизнес Онлайн подать заявку на открытие шведские кроны?				шведские кроны					
Как в системе Сбербанк Бизнес Онлайн подать заявку на открытие датские кроны?				датские кроны					
Добрый день! Как в системе Сбербанк Бизнес Онлайн подать заявку на открытие EUR?				EUR					
Как в системе Сбербанк Бизнес Онлайн подать заявку на открытие в норвежских кронах?				в норвежских кронах					
Добрый день! Как в системе Сбербанк Бизнес Онлайн подать заявку на открытие иностранная валюта?				иностранная валюта					
Здравствуйте! Как в системе Сбербанк Бизнес Онлайн подать заявку на открытие валютный счёт?				валютный счёт					
Здравствуйте. Как в системе Сбербанк Бизнес Онлайн подать заявку на открытие р.?				р.					
Добрый день. Как в системе Сбербанк Бизнес Онлайн подать заявку на открытие €?				€					
такой вопрос меня интересует. я могу с СБ бизнес онлайн открыть иностранная валюта?				иностранная валюта					
Здравствуйте. такой вопрос меня интересует. я могу с СБ бизнес онлайн открыть канадские доллары?				канадские доллары					
Добрый день. такой вопрос меня интересует. я могу с СБ бизнес онлайн открыть SGD?				SGD					
Добрый день! такой вопрос меня интересует. я могу с СБ бизнес онлайн открыть в сингапурских долларах?				в сингапурских долларах					
Добрый день! такой вопрос меня интересует. я могу с СБ бизнес онлайн открыть SEK?				SEK					
Добрый день! такой вопрос меня интересует. я могу с СБ бизнес онлайн открыть в шведских кронах?				в шведских кронах					
такой вопрос меня интересует. я могу с СБ бизнес онлайн открыть рублевый?				рублевый					
Добрый день! такой вопрос меня интересует. я могу с СБ бизнес онлайн открыть CAD?				CAD					
Добрый день. такой вопрос меня интересует. я могу с СБ бизнес онлайн открыть фунты стерлингов Соединенного Королевства?				фунты стерлингов Соединенного Королевства					
такой вопрос меня интересует. я могу с СБ бизнес онлайн открыть в швейцарских франках?				в швейцарских франках					
Здравствуйте. такой вопрос меня интересует. я могу с СБ бизнес онлайн открыть в рублях?				в рублях					
Здравствуйте! такой вопрос меня интересует. я могу с СБ бизнес онлайн открыть CHF?				CHF					
такой вопрос меня интересует. я могу с СБ бизнес онлайн открыть в фунтах стерлингов Соединенного Королевства?				в фунтах стерлингов Соединенного Королевства					
Здравствуйте. такой вопрос меня интересует. я могу с СБ бизнес онлайн открыть в японских иенах?				в японских иенах					
такой вопрос меня интересует. я могу с СБ бизнес онлайн открыть ₽?				₽					
такой вопрос меня интересует. я могу с СБ бизнес онлайн открыть в евро?				в евро					
Добрый день! такой вопрос меня интересует. я могу с СБ бизнес онлайн открыть р.?				р.					
Здравствуйте. такой вопрос меня интересует. я могу с СБ бизнес онлайн открыть в норвежских кронах?				в норвежских кронах					
Добрый день. такой вопрос меня интересует. я могу с СБ бизнес онлайн открыть USD?				USD					
Добрый день. такой вопрос меня интересует. я могу с СБ бизнес онлайн открыть датские кроны?				датские кроны					
